{
	"nodes": [
		[0, 0, 0],
		[0, 2, 0],
		[0, 4, 0],
		[0, 6, 0],
		[0, 8, 0],
		[0, 10, 0],
		[0, 12, 0],
		[0, 14, 0],
		[0, 16, 0],
		[1.7320508075688772, 1.0000000000000002, 0],
		[1.7320508075688772, 3, 0],
		[1.7320508075688772, 5, 0],
		[1.7320508075688772, 7, 0],
		[1.7320508075688772, 9, 0],
		[1.7320508075688772, 11, 0],
		[1.7320508075688772, 13, 0],
		[1.7320508075688772, 15, 0],
		[1.7320508075688772, 17, 0],
		[3.4641016151377544, 0, 0],
		[3.4641016151377544, 2, 0],
		[3.4641016151377544, 4, 0],
		[3.4641016151377544, 6, 0],
		[3.4641016151377544, 8, 0],
		[3.4641016151377544, 10, 0],
		[3.4641016151377544, 12, 0],
		[3.4641016151377544, 14, 0],
		[3.4641016151377544, 16, 0],
		[5.196152422706632, 1.0000000000000002, 0],
		[5.196152422706632, 3, 0],
		[5.196152422706632, 5, 0],
		[5.196152422706632, 7, 0],
		[5.196152422706632, 9, 0],
		[5.196152422706632, 11, 0],
		[5.196152422706632, 13, 0],
		[5.196152422706632, 15, 0],
		[5.196152422706632, 17, 0],
		[6.9282032302755088, 0, 0],
		[6.9282032302755088, 2, 0],
		[6.9282032302755088, 4, 0],
		[6.9282032302755088, 6, 0],
		[6.9282032302755088, 8, 0],
		[6.9282032302755088, 10, 0],
		[6.9282032302755088, 12, 0],
		[6.9282032302755088, 14, 0],
		[6.9282032302755088, 16, 0],
		[8.6602540378443855, 1.0000000000000002, 0],
		[8.6602540378443855, 3, 0],
		[8.6602540378443855, 5, 0],
		[8.6602540378443855, 7, 0],
		[8.6602540378443855, 9, 0],
		[8.6602540378443855, 11, 0],
		[8.6602540378443855, 13, 0],
		[8.6602540378443855, 15, 0],
		[8.6602540378443855, 17, 0],
		[10.392304845413264, 0, 0],
		[10.392304845413264, 2, 0],
		[10.392304845413264, 4, 0],
		[10.392304845413264, 6, 0],
		[10.392304845413264, 8, 0],
		[10.392304845413264, 10, 0],
		[10.392304845413264, 12, 0],
		[10.392304845413264, 14, 0],
		[10.392304845413264, 16, 0],
		[12.124355652982141, 1.0000000000000002, 0],
		[12.124355652982141, 3, 0],
		[12.124355652982141, 5, 0],
		[12.124355652982141, 7, 0],
		[12.124355652982141, 9, 0],
		[12.124355652982141, 11, 0],
		[12.124355652982141, 13, 0],
		[12.124355652982141, 15, 0],
		[12.124355652982141, 17, 0],
		[13.856406460551018, 0, 0],
		[13.856406460551018, 2, 0],
		[13.856406460551018, 4, 0],
		[13.856406460551018, 6, 0],
		[13.856406460551018, 8, 0],
		[13.856406460551018, 10, 0],
		[13.856406460551018, 12, 0],
		[13.856406460551018, 14, 0],
		[13.856406460551018, 16, 0]
	],
	"loads": [
		[7, -1, 0, 0],
		[8, -1, 0, 0],
		[9, -1, 0, 0]
	],
	"supports": [
		[1, 1, 1, 1],
		[2, 1, 1, 1],
		[10, 1, 1, 1],
		[11, 1, 1, 1]
	],
	"perimeter": [
		[1, 2],
		[2, 3],
		[3, 4],
		[4, 5],
		[5, 6],
		[6, 7],
		[7, 8],
		[8, 9],
		[1, 10],
		[10, 19],
		[19, 28],
		[28, 37],
		[37, 46],
		[46, 55],
		[55, 64],
		[64, 73],
		[73, 74],
		[74, 75],
		[75, 76],
		[76, 77],
		[77, 78],
		[78, 79],
		[79, 80],
		[80, 81],
		[9, 18],
		[18, 27],
		[27, 36],
		[36, 45],
		[45, 54],
		[54, 63],
		[63, 72],
		[72, 81]
	],
	"folds": [
		[2, 11, 3, 10],
		[3, 12, 4, 11],
		[4, 13, 5, 12],
		[5, 14, 6, 13],
		[6, 15, 7, 14],
		[7, 16, 8, 15],
		[8, 17, 9, 16],
		[10, 11, 2, 20],
		[11, 12, 3, 21],
		[11, 20, 10, 21],
		[12, 13, 4, 22],
		[12, 21, 11, 22],
		[13, 14, 5, 23],
		[13, 22, 12, 23],
		[14, 15, 6, 24],
		[14, 23, 13, 24],
		[15, 16, 7, 25],
		[15, 24, 14, 25],
		[16, 17, 8, 26],
		[16, 25, 15, 26],
		[17, 18, 9, 27],
		[17, 26, 16, 27],
		[19, 20, 10, 28],
		[20, 21, 11, 29],
		[20, 29, 21, 28],
		[21, 22, 12, 30],
		[21, 30, 22, 29],
		[22, 23, 13, 31],
		[22, 31, 23, 30],
		[23, 24, 14, 32],
		[23, 32, 24, 31],
		[24, 25, 15, 33],
		[24, 33, 25, 32],
		[25, 26, 16, 34],
		[25, 34, 26, 33],
		[26, 27, 17, 35],
		[26, 35, 27, 34],
		[28, 29, 20, 38],
		[29, 30, 21, 39],
		[29, 38, 28, 39],
		[30, 31, 22, 40],
		[30, 39, 29, 40],
		[31, 32, 23, 41],
		[31, 40, 30, 41],
		[32, 33, 24, 42],
		[32, 41, 31, 42],
		[33, 34, 25, 43],
		[33, 42, 32, 43],
		[34, 35, 26, 44],
		[34, 43, 33, 44],
		[35, 36, 27, 45],
		[35, 44, 34, 45],
		[37, 38, 28, 46],
		[38, 39, 29, 47],
		[38, 47, 39, 46],
		[39, 40, 30, 48],
		[39, 48, 40, 47],
		[40, 41, 31, 49],
		[40, 49, 41, 48],
		[41, 42, 32, 50],
		[41, 50, 42, 49],
		[42, 43, 33, 51],
		[42, 51, 43, 50],
		[43, 44, 34, 52],
		[43, 52, 44, 51],
		[44, 45, 35, 53],
		[44, 53, 45, 52],
		[46, 47, 38, 56],
		[47, 48, 39, 57],
		[47, 56, 46, 57],
		[48, 49, 40, 58],
		[48, 57, 47, 58],
		[49, 50, 41, 59],
		[49, 58, 48, 59],
		[50, 51, 42, 60],
		[50, 59, 49, 60],
		[51, 52, 43, 61],
		[51, 60, 50, 61],
		[52, 53, 44, 62],
		[52, 61, 51, 62],
		[53, 54, 45, 63],
		[53, 62, 52, 63],
		[55, 56, 46, 64],
		[56, 57, 47, 65],
		[56, 65, 57, 64],
		[57, 58, 48, 66],
		[57, 66, 58, 65],
		[58, 59, 49, 67],
		[58, 67, 59, 66],
		[59, 60, 50, 68],
		[59, 68, 60, 67],
		[60, 61, 51, 69],
		[60, 69, 61, 68],
		[61, 62, 52, 70],
		[61, 70, 62, 69],
		[62, 63, 53, 71],
		[62, 71, 63, 70],
		[64, 65, 56, 74],
		[65, 66, 57, 75],
		[65, 74, 64, 75],
		[66, 67, 58, 76],
		[66, 75, 65, 76],
		[67, 68, 59, 77],
		[67, 76, 66, 77],
		[68, 69, 60, 78],
		[68, 77, 67, 78],
		[69, 70, 61, 79],
		[69, 78, 68, 79],
		[70, 71, 62, 80],
		[70, 79, 69, 80],
		[71, 72, 63, 81],
		[71, 80, 70, 81]
	],
	"assigment": [
		0, 1, 0, 1, 0, 1, 0, 1, 0, 0, 1, 1, 0, 0, 1, 1, 0, 0, 1, 1, 0, 0, 0, 1,
		0, 0, 1, 1, 0, 0, 1, 1, 0, 0, 1, 1, 0, 1, 0, 0, 1, 1, 0, 0, 1, 1, 0, 0,
		1, 1, 0, 0, 0, 1, 0, 0, 1, 1, 0, 0, 1, 1, 0, 0, 1, 1, 0, 1, 0, 0, 1, 1,
		0, 0, 1, 1, 0, 0, 1, 1, 0, 0, 0, 1, 0, 0, 1, 1, 0, 0, 1, 1, 0, 0, 1, 1,
		0, 1, 0, 0, 1, 1, 0, 0, 1, 1, 0, 0, 1, 1, 0, 0, 0, 1, 0, 0, 1, 1, 0, 0,
		1, 1, 0, 0, 1, 1, 0
	],
	"bend": [
		[10, 2, 1, 11],
		[10, 20, 19, 11],
		[28, 20, 19, 29],
		[28, 38, 37, 29],
		[46, 38, 37, 47],
		[46, 56, 55, 47],
		[64, 56, 55, 65],
		[64, 74, 73, 65],
		[11, 3, 2, 12],
		[11, 21, 20, 12],
		[29, 21, 20, 30],
		[29, 39, 38, 30],
		[47, 39, 38, 48],
		[47, 57, 56, 48],
		[65, 57, 56, 66],
		[65, 75, 74, 66],
		[12, 4, 3, 13],
		[12, 22, 21, 13],
		[30, 22, 21, 31],
		[30, 40, 39, 31],
		[48, 40, 39, 49],
		[48, 58, 57, 49],
		[66, 58, 57, 67],
		[66, 76, 75, 67],
		[13, 5, 4, 14],
		[13, 23, 22, 14],
		[31, 23, 22, 32],
		[31, 41, 40, 32],
		[49, 41, 40, 50],
		[49, 59, 58, 50],
		[67, 59, 58, 68],
		[67, 77, 76, 68],
		[14, 6, 5, 15],
		[14, 24, 23, 15],
		[32, 24, 23, 33],
		[32, 42, 41, 33],
		[50, 42, 41, 51],
		[50, 60, 59, 51],
		[68, 60, 59, 69],
		[68, 78, 77, 69],
		[15, 7, 6, 16],
		[15, 25, 24, 16],
		[33, 25, 24, 34],
		[33, 43, 42, 34],
		[51, 43, 42, 52],
		[51, 61, 60, 52],
		[69, 61, 60, 70],
		[69, 79, 78, 70],
		[16, 8, 7, 17],
		[16, 26, 25, 17],
		[34, 26, 25, 35],
		[34, 44, 43, 35],
		[52, 44, 43, 53],
		[52, 62, 61, 53],
		[70, 62, 61, 71],
		[70, 80, 79, 71],
		[17, 9, 8, 18],
		[17, 27, 26, 18],
		[35, 27, 26, 36],
		[35, 45, 44, 36],
		[53, 45, 44, 54],
		[53, 63, 62, 54],
		[71, 63, 62, 72],
		[71, 81, 80, 72]
	]
}
