{
	"nodes": [
		[0, 0, 0],
		[0, 1.8027756377319946, 0.86602540378443849],
		[0, 3.6055512754639891, 0],
		[1.6641005886756872, 1.1094003924504585, 0],
		[1.6641005886756872, 2.9121760301824531, 0.86602540378443849],
		[1.6641005886756872, 4.7149516679144474, 0],
		[3.3282011773513744, 0, 0],
		[3.3282011773513744, 1.8027756377319946, 0.86602540378443849],
		[3.3282011773513744, 3.6055512754639891, 0]
	],
	"loads": [
		[7, -1, 0, 0],
		[8, -1, 0, 0],
		[9, -1, 0, 0]
	],
	"supports": [
		[1, 1, 1, 1],
		[3, 1, 0, 1],
		[7, 0, 1, 1],
		[9, 0, 0, 1]
	],
	"perimeter": [
		[1, 2],
		[2, 3],
		[1, 4],
		[4, 7],
		[7, 8],
		[8, 9],
		[3, 6],
		[6, 9]
	],
	"folds": [
		[2, 5, 3, 4],
		[4, 5, 2, 8],
		[5, 6, 3, 9],
		[5, 8, 4, 9]
	],
	"bend": [
		[4, 2, 1, 5],
		[4, 8, 7, 5],
		[5, 3, 2, 6],
		[5, 9, 8, 6]
	]
}
