{
	"nodes": [
		[0, 0, 0],
		[0, 2, 0],
		[0, 4, 0],
		[1.7320508075688772, 1, 0],
		[1.7320508075688772, 3, 0],
		[1.7320508075688772, 5, 0],
		[3.4641016151377544, 0, 0],
		[3.4641016151377544, 2, 0],
		[3.4641016151377544, 4, 0]
	],
	"loads": [
		[7, -1, 0, 0],
		[8, -1, 0, 0],
		[9, -1, 0, 0]
	],
	"supports": [
		[1, 1, 1, 1],
		[3, 1, 0, 1],
		[7, 0, 1, 1],
		[9, 0, 0, 1]
	],
	"perimeter": [
		[1, 2],
		[2, 3],
		[1, 4],
		[4, 7],
		[7, 8],
		[8, 9],
		[3, 6],
		[6, 9]
	],
	"folds": [
		[2, 5, 3, 4],
		[4, 5, 2, 8],
		[5, 6, 3, 9],
		[5, 8, 4, 9]
	],
	"assigment": ["M", "V", "M", "M"],
	"bend": [
		[4, 2, 1, 5],
		[4, 8, 7, 5],
		[5, 3, 2, 6],
		[5, 9, 8, 6]
	]
}
