{"nodes": [[0.0, 0.0, 0.0], [1.30930734141595, 1.51185789203691, 0.0], [2.61861468283191, 0.0, 0.0], [0.0, 1.3228756555323, 1.5], [1.30930734141595, 2.8347335475692, 1.5], [2.61861468283191, 1.3228756555323, 1.5], [0.0, 2.64575131106459, 0.0], [1.30930734141595, 4.1576092031015, 0.0], [2.61861468283191, 2.64575131106459, 0.0]], "dictionary": [[0, 1], [1, 2], [3, 4], [4, 5], [6, 7], [7, 8], [0, 3], [3, 6], [2, 5], [5, 8], [1, 4], [4, 7], [3, 1], [1, 5], [6, 4], [4, 8], [6, 3, 4, 1], [8, 4, 5, 1], [3, 1, 4, 5], [6, 4, 7, 8], [4, 3, 1, 0], [4, 5, 1, 2], [7, 6, 4, 3], [7, 8, 4, 5]], "types": ["L1V", "L1V", "L1V", "L1V", "L1V", "L1V", "L1V", "L1V", "L1V", "L1V", "L1V", "L1V", "L1V", "L1V", "L1V", "L1V", "OH", "OH", "OH", "OH", "OH", "OH", "OH", "OH"], "regions": [], "ebc": [[0, 0], [9, 0], [18, 0], [1, 0], [7, 0], [2, 0], [5, 0], [8, 0], [20, 0], [23, 0], [26, 0]], "nbc": [[6, -1.0], [7, 0.0], [8, 0.0], [15, -1.0], [16, 0.0], [17, 0.0], [24, -1.0], [25, 0.0], [26, 0.0]], "nvn": 3, "ngdl": 27, "holes": [], "fillets": [], "solutions": [{"info": {"solver-type": "non-lineal-mgdcm", "last-it-error": 9.612494662267358e-07, "n-it": 1, "warnings": "No warnings", "ld": 7.795621722123114e-06}, "U": [[0.0], [0.0], [0.0], [-0.054695378815272165], [0.04736644240878071], [0.0], [-0.10941266810854755], [0.0], [0.0], [0.0], [-0.04139482193910761], [0.03653013993092744], [-0.05465744003526429], [0.005961427774513053], [0.036503303165998334], [-0.1092262947921691], [-0.04129352659942728], [0.03641854328671379], [0.0], [-0.08282019193816746], [0.0], [-0.05476004671631985], [-0.03540760466268448], [0.0], [-0.10925298848241007], [-0.08258870257296803], [0.0]]}, {"info": {"solver-type": "non-lineal-mgdcm", "last-it-error": 2.6754319202543685e-05, "n-it": 2, "warnings": "No warnings", "ld": 0.0007649193493417528}, "U": [[0.0], [0.0], [0.0], [-0.11999425108187302], [0.10320779491982822], [0.0], [-0.24266131879167846], [0.0], [0.0], [0.0], [-0.08452151413950644], [0.07670885296711935], [-0.11683012313424933], [0.017030149706800977], [0.075197947912326], [-0.22770546510514875], [-0.07791261331436604], [0.06911888748669848], [0.0], [-0.17139920641904233], [0.0], [-0.12351787915610714], [-0.06595514890864455], [0.0], [-0.22975536599028712], [-0.15641509137634782], [0.0]]}, {"info": {"solver-type": "non-lineal-mgdcm", "last-it-error": 3.38299246582183e-05, "n-it": 3, "warnings": "No warnings", "ld": 0.001977956285010407}, "U": [[0.0], [0.0], [0.0], [-0.19810179625964952], [0.16973590102921765], [0.0], [-0.41080775902617805], [0.0], [0.0], [0.0], [-0.12066500320923497], [0.11564986526180107], [-0.18528031003788964], [0.03812716831232625], [0.11457241721104097], [-0.3620002029383696], [-0.10956663387974866], [0.09895599781434992], [0.0], [-0.24810624845347903], [0.0], [-0.19651512446630356], [-0.08330614187398497], [0.0], [-0.3628312676236584], [-0.22132060532125755], [0.0]]}, {"info": {"solver-type": "non-lineal-mgdcm", "last-it-error": 3.404890002419743e-05, "n-it": 4, "warnings": "No warnings", "ld": 0.00332920896437372}, "U": [[0.0], [0.0], [0.0], [-0.2889451076948315], [0.2449837895805687], [0.0], [-0.6162009391457482], [0.0], [0.0], [0.0], [-0.1455422689806172], [0.1506865567244468], [-0.2596605423061614], [0.07107770481515197], [0.15283149114703767], [-0.5135575203868279], [-0.1338821781500495], [0.12516680829162205], [0.0], [-0.3041056856924316], [0.0], [-0.2710384425558268], [-0.08199965441501228], [0.0], [-0.5089636749245232], [-0.2732140475745116], [0.0]]}, {"info": {"solver-type": "non-lineal-mgdcm", "last-it-error": 3.0681121709426195e-05, "n-it": 5, "warnings": "No warnings", "ld": 0.004048326244742384}, "U": [[0.0], [0.0], [0.0], [-0.39088883281528897], [0.32339654741621293], [0.0], [-0.8522708812139659], [0.0], [0.0], [0.0], [-0.1605932359947328], [0.18205465464439413], [-0.3415996938562085], [0.11363754106381872], [0.189296196731149], [-0.6835582306859246], [-0.15079982511825823], [0.14865870076376725], [0.0], [-0.3415659299303652], [0.0], [-0.3499737791837325], [-0.06296130403574363], [0.0], [-0.6710610896242376], [-0.3120007352041317], [0.0]]}, {"info": {"solver-type": "non-lineal-mgdcm", "last-it-error": 2.5514536352461288e-05, "n-it": 6, "warnings": "No warnings", "ld": 0.004003492548520171}, "U": [[0.0], [0.0], [0.0], [-0.5033392031368147], [0.3999058374773632], [0.0], [-1.1124798422935422], [0.0], [0.0], [0.0], [-0.16873139768084636], [0.21102057248815795], [-0.43366130594861674], [0.1626396457862821], [0.22417285192512332], [-0.8754814414499679], [-0.16217774100059812], [0.17136409918131637], [0.0], [-0.3655381576102793], [0.0], [-0.43717694062862134], [-0.02964598648796765], [0.0], [-0.8536193630000632], [-0.3404288827664053], [0.0]]}, {"info": {"solver-type": "non-lineal-mgdcm", "last-it-error": 2.0760951184625548e-05, "n-it": 7, "warnings": "No warnings", "ld": 0.0037811487203498473}, "U": [[0.0], [0.0], [0.0], [-0.6270548593122125], [0.4714088417000311], [0.0], [-1.3941781995089988], [0.0], [0.0], [0.0], [-0.17182638286125185], [0.23861039890789043], [-0.5379617209578469], [0.2156337325808317], [0.25770366542267664], [-1.0926760236504478], [-0.16927826434542995], [0.19428243360910794], [0.0], [-0.379398519822939], [0.0], [-0.535794659181767], [0.015040329871934717], [0.0], [-1.0598760001903704], [-0.3597559357156964], [0.0]]}, {"info": {"solver-type": "non-lineal-mgdcm", "last-it-error": 1.7524998505726896e-05, "n-it": 8, "warnings": "No warnings", "ld": 0.003733011089593674}, "U": [[0.0], [0.0], [0.0], [-0.7633806121952201], [0.5361555005466198], [0.0], [-1.6978117741594516], [0.0], [0.0], [0.0], [-0.17064697212102947], [0.26536852500807717], [-0.6560010803978418], [0.2707194563175229], [0.29002527605339773], [-1.3377098296895682], [-0.1726204479243855], [0.21768015786072248], [0.0], [-0.38461490595782816], [0.0], [-0.6478558990840833], [0.06882155234425488], [0.0], [-1.291853510706325], [-0.37015361109379086], [0.0]]}, {"info": {"solver-type": "non-lineal-mgdcm", "last-it-error": 1.5692505955000977e-05, "n-it": 9, "warnings": "No warnings", "ld": 0.003906317476776167}, "U": [[0.0], [0.0], [0.0], [-0.9137928991048755], [0.5929269881290855], [0.0], [-2.025490064374326], [0.0], [0.0], [0.0], [-0.16535443274972245], [0.291490271234207], [-0.7890419790018651], [0.32620152512038564], [0.3212143370041298], [-1.6127696341726816], [-0.17230168685375288], [0.24156890310539325], [0.0], [-0.3815663426327296], [0.0], [-0.7747312332113802], [0.12972632216574792], [0.0], [-1.5513686679575192], [-0.3715917779772894], [0.0]]}, {"info": {"solver-type": "non-lineal-mgdcm", "last-it-error": 1.4652601138126217e-05, "n-it": 10, "warnings": "No warnings", "ld": 0.004208605488884132}, "U": [[0.0], [0.0], [0.0], [-1.0797515852768216], [0.6405840817930737], [0.0], [-2.3801213044985743], [0.0], [0.0], [0.0], [-0.15581153226986955], [0.3169436079135186], [-0.9383467969661965], [0.3804290490145639], [0.3512797344673897], [-1.9200098358126203], [-0.1681710299462407], [0.2658817408219576], [0.0], [-0.37010188322055915], [0.0], [-0.9176072272952688], [0.19594781798736466], [0.0], [-1.8405715476744164], [-0.36407257462592035], [0.0]]}, {"info": {"solver-type": "non-lineal-mgdcm", "last-it-error": 1.3849748862800827e-05, "n-it": 11, "warnings": "No warnings", "ld": 0.004509166885554805}, "U": [[0.0], [0.0], [0.0], [-1.2626860070459436], [0.6779251053814497], [0.0], [-2.76506214444036], [0.0], [0.0], [0.0], [-0.14173717978505918], [0.34153224254047904], [-1.105230992383768], [0.43175203960569075], [0.3801235789905779], [-2.2617241734624693], [-0.15991817587508056], [0.29048062844231787], [0.0], [-0.3498230349701977], [0.0], [-1.0777369873433518], [0.26578440522520314], [0.0], [-2.1620647133777253], [-0.34758707892743196], [0.0]]}, {"info": {"solver-type": "non-lineal-mgdcm", "last-it-error": 1.2967653721775186e-05, "n-it": 12, "warnings": "No warnings", "ld": 0.004689765667990287},