{
	"nodes": [
		[0.0, -0.5, 0.0],
		[0.0, 0.5, 0.0],
		[0.8660254037844386, 0.0, 0.0],
		[-0.7499999999999998, 0.0, 0.4330127018922196]
	],
	"dictionary": [
		[0, 1],
		[1, 2],
		[2, 0],
		[0, 3],
		[1, 3],
		[3, 0, 1, 2]
	],
	"types": ["L1V", "L1V", "L1V", "L1V", "L1V", "OH"],
	"regions": [],
	"ebc": [
		[0, 0],
		[1, 0],
		[2, 0],
		[3, 0],
		[4, 0],
		[5, 0],
		[6, 0],
		[7, 0],
		[8, 0]
	],
	"nbc": [
		[9, 0.0],
		[10, 0],
		[11, 1.0]
	],
	"nvn": 3,
	"ngdl": 12,
	"holes": [],
	"fillets": [],
	"solutions": [
		{
			"info": { "solver-type": "lineal-sparse" },
			"U": [
				0.0, 0.0, 0.0, 0.0, 0.0, 0.0, 0.0, 0.0, 0.0,
				0.03608439182435168, 0.0, 0.7291666666666665
			]
		}
	],
	"properties": {
		"verbose": false,
		"name": "",
		"problem": "BarAndHingeLinear",
		"E": [1, 1, 1, 1, 1, 1],
		"A": [1, 1, 1, 1, 1, 1],
		"duration": 0.005468,
		"description": "FEM problem using the Truss analysis formulation.,DOF: 12,Elements: 6,Solver: lineal-sparse,EBC: 9,NBC: 3"
	}
}
