{"nodes": [[0.0], [0.0025], [0.005], [0.0075], [0.01], [0.0125], [0.015], [0.0175], [0.02], [0.0225], [0.025], [0.0275], [0.03], [0.0325], [0.035], [0.0375], [0.04], [0.0425], [0.045], [0.0475], [0.05], [0.0525], [0.055], [0.0575], [0.06], [0.0625], [0.065], [0.0675], [0.07], [0.0725], [0.075], [0.0775], [0.08], [0.0825], [0.085], [0.08750000000000001], [0.09], [0.0925], [0.095], [0.0975], [0.1]], "dictionary": [[0, 1], [1, 2], [2, 3], [3, 4], [4, 5], [5, 6], [6, 7], [7, 8], [8, 9], [9, 10], [10, 11], [11, 12], [12, 13], [13, 14], [14, 15], [15, 16], [16, 17], [17, 18], [18, 19], [19, 20], [20, 21], [21, 22], [22, 23], [23, 24], [24, 25], [25, 26], [26, 27], [27, 28], [28, 29], [29, 30], [30, 31], [31, 32], [32, 33], [33, 34], [34, 35], [35, 36], [36, 37], [37, 38], [38, 39], [39, 40]], "types": ["L1V", "L1V", "L1V", "L1V", "L1V", "L1V", "L1V", "L1V", "L1V", "L1V", "L1V", "L1V", "L1V", "L1V", "L1V", "L1V", "L1V", "L1V", "L1V", "L1V", "L1V", "L1V", "L1V", "L1V", "L1V", "L1V", "L1V", "L1V", "L1V", "L1V", "L1V", "L1V", "L1V", "L1V", "L1V", "L1V", "L1V", "L1V", "L1V", "L1V"], "regions": [], "ebc": [], "nbc": [[-1, 0.0025]], "nvn": 1, "ngdl": 41, "holes": [], "fillets": [], "solutions": [{"info": {"solver-type": "lineal"}, "U": [[100.0], [97.91805186007046], [95.91201024898662], [93.97992091286525], [92.11990164095512], [90.3301404320172], [88.60889372910171], [86.95448472100266], [85.36530170873505], [83.83979653544331], [82.37648307821142], [80.97393580030561], [79.63078836243908], [78.34573229170593], [77.11751570688772], [75.94494209889062], [74.82686916512526], [73.76220769669366], [72.74992051729927], [71.78902147284623], [70.87857447074373], [70.01769256797951], [69.20553710707401], [68.44131689907357], [67.72428745278678], [67.05375024951294], [66.4290520625562], [65.84958432086252], [65.31478251615945], [64.82412565302106], [64.37713574132252], [63.9733773305897], [63.612457085790226], [63.29402340415274], [63.01776607264106], [62.78341596574956], [62.59074478332543], [62.4395648281622], [62.32972882314817], [62.26112976779136], [62.23370083398135]]}], "properties": {"verbose": false, "name": "", "problem": "Heat1D", "A": [5e-06, 5e-06, 5e-06, 5e-06, 5e-06, 5e-06, 5e-06, 5e-06, 5e-06, 5e-06, 5e-06, 5e-06, 5e-06, 5e-06, 5e-06, 5e-06, 5e-06, 5e-06, 5e-06, 5e-06, 5e-06, 5e-06, 5e-06, 5e-06, 5e-06, 5e-06, 5e-06, 5e-06, 5e-06, 5e-06, 5e-06, 5e-06, 5e-06, 5e-06, 5e-06, 5e-06, 5e-06, 5e-06, 5e-06, 5e-06], "P": [0.012, 0.012, 0.012, 0.012, 0.012, 0.012, 0.012, 0.012, 0.012, 0.012, 0.012, 0.012, 0.012, 0.012, 0.012, 0.012, 0.012, 0.012, 0.012, 0.012, 0.012, 0.012, 0.012, 0.012, 0.012, 0.012, 0.012, 0.012, 0.012, 0.012, 0.012, 0.012, 0.012, 0.012, 0.012, 0.012, 0.012, 0.012, 0.012, 0.012], "ku": [385, 385, 385, 385, 385, 385, 385, 385, 385, 385, 385, 385, 385, 385, 385, 385, 385, 385, 385, 385, 385, 385, 385, 385, 385, 385, 385, 385, 385, 385, 385, 385, 385, 385, 385, 385, 385, 385, 385, 385], "beta": [25, 25, 25, 25, 25, 25, 25, 25, 25, 25, 25, 25, 25, 25, 25, 25, 25, 25, 25, 25, 25, 25, 25, 25, 25, 25, 25, 25, 25, 25, 25, 25, 25, 25, 25, 25, 25, 25, 25, 25], "Ta": 20, "q": [0.0, 0.0, 0.0, 0.0, 0.0, 0.0, 0.0, 0.0, 0.0, 0.0, 0.0, 0.0, 0.0, 0.0, 0.0, 0.0, 0.0, 0.0, 0.0, 0.0, 0.0, 0.0, 0.0, 0.0, 0.0, 0.0, 0.0, 0.0, 0.0, 0.0, 0.0, 0.0, 0.0, 0.0, 0.0, 0.0, 0.0, 0.0, 0.0, 0.0], "duration": 2.290299, "description": "FEM problem using the 1D Heat transfer formulation.,DOF: 41,Elements: 40,Solver: lineal,EBC: 1,NBC: 1"}}