{
	"nodes": [
		[0.0, 0.0],
		[1.0, 0.0],
		[2.0, 0.0],
		[3.0, 0.0],
		[4.0, 0.0],
		[0.0, 1.0],
		[1.0, 1.0],
		[2.0, 1.0],
		[3.0, 1.0],
		[4.0, 1.0],
		[0.0, 2.0],
		[1.0, 2.0],
		[2.0, 2.0],
		[3.0, 2.0],
		[4.0, 2.0]
	],
	"dictionary": [
		[0, 1, 6, 5],
		[1, 2, 7, 6],
		[2, 3, 8, 7],
		[3, 4, 9, 8],
		[5, 6, 11, 10],
		[6, 7, 12, 11],
		[7, 8, 13, 12],
		[8, 9, 14, 13]
	],
	"types": ["C1V", "C1V", "C1V", "C1V", "C1V", "C1V", "C1V", "C1V"],
	"regions": [
		[
			[0.0, 0.0],
			[4.0, 0.0]
		],
		[
			[4.0, 0.0],
			[4.0, 2.0]
		],
		[
			[4.0, 2.0],
			[0.0, 2.0]
		],
		[
			[0.0, 2.0],
			[0.0, 0.0]
		]
	],
	"ebc": [
		[10.0, 0.0],
		[11.0, 0.0],
		[12.0, 0.0],
		[13.0, 0.0],
		[14.0, 0.0]
	],
	"nbc": [],
	"nvn": 1,
	"ngdl": 15,
	"holes": [],
	"fillets": [],
	"solutions": [
		{
			"info": { "solver-type": "lineal" },
			"U": [
				[1.4131864385386603],
				[2.2404312265540005],
				[5.612188045530339],
				[16.100335246107758],
				[39.364514247985305],
				[1.0005312569656333],
				[1.577861626194014],
				[4.031540150526147],
				[10.75227302055315],
				[34.17082354231671],
				[0.0],
				[0.0],
				[0.0],
				[0.0],
				[0.0]
			]
		}
	],
	"properties": {
		"verbose": false,
		"name": "",
		"problem": "Heat2D",
		"kx": [10, 10, 10, 10, 10, 10, 10, 10],
		"ky": [15, 15, 15, 15, 15, 15, 15, 15],
		"f": null,
		"duration": 1.873086,
		"description": "FEM problem using the 2D Heat transfer formulation.,DOF: 15,Elements: 8,Solver: lineal,EBC: 5,NBC: 0"
	}
}
