{"nodes": [[0, 0], [120, 0], [0, 160], [120, 160]], "dictionary": [[0, 1, 3], [0, 3, 2]], "types": ["T1V", "T1V"], "regions": [[[0, 0], [120, 0]], [[120, 0], [120, 160]], [[120, 160], [0, 160]], [[0, 160], [0, 0]]], "ebc": [[0.0, 0.0], [4.0, 0.0], [1.0, 0.0], [5.0, 0.0]], "nbc": [], "nvn": 2, "ngdl": 8, "holes": [], "fillets": [], "solutions": [{"info": {"solver-type": "lineal-sparse"}, "U": [0.0, 0.0, 0.0016936671575846897, 0.00029455081001472845, 0.0, 0.0, 0.0015169366715758529, -0.000162002945508101]}], "properties": {"verbose": true, "name": "", "problem": "PlaneStressSparse", "E1": [30000000, 30000000], "E2": [30000000, 30000000], "G12": [12000000.0, 12000000.0], "v12": [0.25, 0.25], "fx": null, "fy": null, "t": [0.036, 0.036], "rho": null, "calculateMass": false, "description": "FEM problem using the Plane Stress Isotropic sparse formulation.,DOF: 8,Elements: 2,Solver: lineal-sparse,EBC: 4,NBC: 0"}}