{
	"nodes": [
		[0, 0],
		[120, 0],
		[0, 160],
		[120, 160]
	],
	"dictionary": [[0, 1, 3, 2]],
	"types": ["C1V"],
	"regions": [
		[
			[0, 0],
			[120, 0]
		],
		[
			[120, 0],
			[120, 160]
		],
		[
			[120, 160],
			[0, 160]
		],
		[
			[0, 160],
			[0, 0]
		]
	],
	"ebc": [
		[0.0, 0.0],
		[4.0, 0.0],
		[1.0, 0.0],
		[5.0, 0.0]
	],
	"nbc": [],
	"nvn": 2,
	"ngdl": 8,
	"holes": [],
	"fillets": [],
	"solutions": [
		{
			"info": { "solver-type": "lineal-sparse" },
			"U": [
				0.0, 0.0, 0.001627906976744186, 0.00034883720930232564, 0.0,
				0.0, 0.0016279069767441861, -0.0003488372093023255
			]
		}
	],
	"properties": {
		"verbose": true,
		"name": "",
		"problem": "PlaneStressSparse",
		"E1": [30000000],
		"E2": [30000000],
		"G12": [12000000.0],
		"v12": [0.25],
		"fx": null,
		"fy": null,
		"t": [0.036],
		"rho": null,
		"calculateMass": false,
		"description": "FEM problem using the Plane Stress Isotropic sparse formulation.,DOF: 8,Elements: 1,Solver: lineal-sparse,EBC: 4,NBC: 0"
	}
}
