{"nodes": [[0.0, 0.0], [120.0, 0.0], [120.0, 160.0], [0.0, 160.0]], "dictionary": [[0, 1, 2], [0, 2, 3]], "types": ["T1V", "T1V"], "regions": [[[0.0, 0.0], [120.0, 0.0]], [[120.0, 0.0], [120.0, 160.0]], [[120.0, 160.0], [0.0, 160.0]], [[0.0, 160.0], [0.0, 0.0]]], "ebc": [[0.0, 0.0], [6.0, 0.0], [1.0, 0.0], [7.0, 0.0]], "nbc": [], "nvn": 2, "ngdl": 8, "holes": [], "fillets": [], "solutions": [{"info": {"solver-type": "lineal"}, "U": [[0.0], [0.0], [0.0010767077733401808], [0.00016662334228398105], [0.0010650808518861742], [-0.00015790315119347585], [0.0], [0.0]]}], "properties": {"verbose": false, "name": "", "problem": "PlaneStressOrthotropic", "E1": [31000000, 31000000], "E2": [2700000.0, 2700000.0], "G12": [750000.0, 750000.0], "v12": [0.28, 0.28], "fx": null, "fy": null, "t": [0.036, 0.036], "rho": null, "calculateMass": false, "duration": 1.134757, "description": "FEM problem using the Plane Stress Orthotropic formulation.,DOF: 8,Elements: 2,Solver: lineal,EBC: 4,NBC: 0"}}