{"nodes": [[0.0, 0.0], [5.0, 0.0], [10.0, 0.0], [15.0, 0.0], [20.0, 0.0], [-0.03125, 2.5], [10.0, 2.5], [20.03125, 2.5], [0.125, 5.0], [5.0625, 5.0], [10.0, 5.0], [14.9375, 5.0], [19.875, 5.0], [0.46875, 7.5], [10.0, 7.5], [19.53125, 7.5], [1.0, 10.0], [5.5, 10.0], [10.0, 10.0], [14.5, 10.0], [19.0, 10.0], [1.71875, 12.5], [10.0, 12.5], [18.28125, 12.5], [2.625, 15.0], [6.3125, 15.0], [10.0, 15.0], [13.6875, 15.0], [17.375, 15.0], [3.71875, 17.5], [10.0, 17.5], [16.28125, 17.5], [5.0, 20.0], [7.5, 20.0], [10.0, 20.0], [12.5, 20.0], [15.0, 20.0]], "dictionary": [[0, 2, 10, 8, 1, 6, 9, 5], [2, 4, 12, 10, 3, 7, 11, 6], [8, 10, 18, 16, 9, 14, 17, 13], [10, 12, 20, 18, 11, 15, 19, 14], [16, 18, 26, 24, 17, 22, 25, 21], [18, 20, 28, 26, 19, 23, 27, 22], [24, 26, 34, 32, 25, 30, 33, 29], [26, 28, 36, 34, 27, 31, 35, 30]], "types": ["C2V", "C2V", "C2V", "C2V", "C2V", "C2V", "C2V", "C2V"], "regions": [[[0.0, 0.0], [20.0, 0.0]], [[5.0, 20.0], [15.0, 20.0]]], "ebc": [[0.0, 0.0], [2.0, 0.0], [4.0, 0.0], [6.0, 0.0], [8.0, 0.0], [1.0, 0.0], [3.0, 0.0], [5.0, 0.0], [7.0, 0.0], [9.0, 0.0]], "nbc": [[50, 600.0], [51, -800.0]], "nvn": 2, "ngdl": 74, "holes": [], "fillets": [], "solutions": [{"info": {"solver-type": "lineal-sparse"}, "U": [0.0, 0.0, 0.0, 0.0, 0.0, 0.0, 0.0, 0.0, 0.0, 0.0, -3.9793923143003056e-05, -6.774676725168742e-05, 7.066883214510729e-05, -0.00013978823297053139, 0.00019824314957530857, -0.00021335973726867592, -1.9932993594974212e-05, -0.0001362531718375741, 5.515879127615788e-05, -0.00024833561896903366, 0.0001644029239059332, -0.0003130963061377441, 0.0002582859519081802, -0.00030993201951242137, 0.00035688652666598025, -0.0003944298161199139, 4.847196611291518e-05, -0.0002113320268858018, 0.0002681695812411864, -0.0004902717378233975, 0.00047856948990594814, -0.0005220280344508844, 0.00015880551815215156, -0.00031515511445212894, 0.00023956161351655625, -0.0005868559745183981, 0.0003841023588024154, -0.0006874820823544475, 0.0005004167342256316, -0.0006472636772511451, 0.0005697978128925664, -0.0006299799881039605, 0.00029115905936269427, -0.00045987821940239235, 0.0005023652749505515, -0.0008916581670342203, 0.0006449880425772661, -0.0007325369149856552, 0.0005053652522900527, -0.0006915540060596208, 0.0005703668985815057, -0.0010711985633310446, 0.0006001546368372314, -0.0010899872618412723, 0.0006487879201586002, -0.0009917326410211439, 0.0006800383706566133, -0.0008492392263064048, 0.000582083575702562, -0.0009697320538718916, 0.000603479380228749, -0.001289572952847659, 0.0006820793583333924, -0.0009966728999292688, 0.0006995201499402506, -0.0012786446721575803, 0.0006547127398322562, -0.001458443213972752, 0.0006068379624365543, -0.0014941389417801325, 0.0005690238685115785, -0.0014364933723889574, 0.0005517081865674153, -0.0012253534182808193]}], "properties": {"verbose": true, "name": "", "problem": "PlaneStrainSparse", "E1": [3000000, 3000000, 3000000, 3000000, 3000000, 3000000, 3000000, 3000000], "E2": [3000000, 3000000, 3000000, 3000000, 3000000, 3000000, 3000000, 3000000], "G12": [1200000.0, 1200000.0, 1200000.0, 1200000.0, 1200000.0, 1200000.0, 1200000.0, 1200000.0], "v12": [0.25, 0.25, 0.25, 0.25, 0.25, 0.25, 0.25, 0.25], "fx": null, "fy": null, "t": [1, 1, 1, 1, 1, 1, 1, 1], "rho": null, "calculateMass": false, "description": "FEM problem using the Plane Strain Isotropic sparse formulation.,DOF: 74,Elements: 8,Solver: lineal-sparse,EBC: 10,NBC: 2"}}