{"nodes": [[0.0], [1.25], [2.5], [3.75], [5.0], [6.25], [7.5], [8.75], [10.0], [11.25], [12.5], [13.75], [15.0], [16.25], [17.5], [18.75], [20.0], [21.25], [22.5], [23.75], [25.0], [26.25], [27.5], [28.75], [30.0], [31.25], [32.5], [33.75], [35.0], [36.25], [37.5], [38.75], [40.0], [41.25], [42.5], [43.75], [45.0], [46.25], [47.5], [48.75], [50.0], [51.25], [52.5], [53.75], [55.0], [56.25], [57.5], [58.75], [60.0], [61.25], [62.5], [63.75], [65.0], [66.25], [67.5], [68.75], [70.0], [71.25], [72.5], [73.75], [75.0], [76.25], [77.5], [78.75], [80.0], [81.25], [82.5], [83.75], [85.0], [86.25], [87.5], [88.75], [90.0], [91.25], [92.5], [93.75], [95.0], [96.25], [97.5], [98.75], [100.0]], "dictionary": [[0, 1], [1, 2], [2, 3], [3, 4], [4, 5], [5, 6], [6, 7], [7, 8], [8, 9], [9, 10], [10, 11], [11, 12], [12, 13], [13, 14], [14, 15], [15, 16], [16, 17], [17, 18], [18, 19], [19, 20], [20, 21], [21, 22], [22, 23], [23, 24], [24, 25], [25, 26], [26, 27], [27, 28], [28, 29], [29, 30], [30, 31], [31, 32], [32, 33], [33, 34], [34, 35], [35, 36], [36, 37], [37, 38], [38, 39], [39, 40], [40, 41], [41, 42], [42, 43], [43, 44], [44, 45], [45, 46], [46, 47], [47, 48], [48, 49], [49, 50], [50, 51], [51, 52], [52, 53], [53, 54], [54, 55], [55, 56], [56, 57], [57, 58], [58, 59], [59, 60], [60, 61], [61, 62], [62, 63], [63, 64], [64, 65], [65, 66], [66, 67], [67, 68], [68, 69], [69, 70], [70, 71], [71, 72], [72, 73], [73, 74], [74, 75], [75, 76], [76, 77], [77, 78], [78, 79], [79, 80]], "types": ["L1V", "L1V", "L1V", "L1V", "L1V", "L1V", "L1V", "L1V", "L1V", "L1V", "L1V", "L1V", "L1V", "L1V", "L1V", "L1V", "L1V", "L1V", "L1V", "L1V", "L1V", "L1V", "L1V", "L1V", "L1V", "L1V", "L1V", "L1V", "L1V", "L1V", "L1V", "L1V", "L1V", "L1V", "L1V", "L1V", "L1V", "L1V", "L1V", "L1V", "L1V", "L1V", "L1V", "L1V", "L1V", "L1V", "L1V", "L1V", "L1V", "L1V", "L1V", "L1V", "L1V", "L1V", "L1V", "L1V", "L1V", "L1V", "L1V", "L1V", "L1V", "L1V", "L1V", "L1V", "L1V", "L1V", "L1V", "L1V", "L1V", "L1V", "L1V", "L1V", "L1V", "L1V", "L1V", "L1V", "L1V", "L1V", "L1V", "L1V"], "regions": [], "ebc": [[0, 0.0], [1, 0.0]], "nbc": [], "nvn": 2, "ngdl": 162, "holes": [], "fillets": [], "solutions": [{"info": {"solver-type": "lineal"}, "U": [[0.0], [0.0], [0.015495198558359612], [-0.02468880206840874], [0.06146484371277196], [-0.048760416637017696], [0.13714233390098735], [-0.07222265620582692], [0.2417708331857561], [-0.09508333327483635], [0.37460327125482823], [-0.11735026034404561], [0.5349023434209534], [-0.13903124991345467], [0.7219405106218816], [-0.16013411448306347], [0.9349999994203623], [-0.18066666655287228], [1.1733728020041456], [-0.20063671862288102], [1.436360676185982], [-0.22005208319309089], [1.7232751454036235], [-0.23892057276350204], [2.0334374987198216], [-0.25724999983411534], [2.3661787908223295], [-0.27504817690493055], [2.7208398420239006], [-0.2923229164759498], [3.096771238262289], [-0.30908203104717286], [3.4933333311002497], [-0.325333333118598], [3.9098962377255346], [-0.3410846351902249], [4.345839840950899], [-0.3563437497620579], [4.800553789214097], [-0.37111848933409347], [5.273437496577881], [-0.38541666640632977], [5.763900142730007], [-0.3992460934787689], [6.271360672983224], [-0.41261458305141074], [6.795247798275281], [-0.4255299476242451], [7.334999995168915], [-0.4379999996972668], [7.890065505851865], [-0.45003255177048535], [8.459902338136875], [-0.4616354163438973], [9.043978265461691], [-0.4728164059175089], [9.641770826889069], [-0.4835833329913293], [10.252767327106772], [-0.4939440100653671], [10.876464836427571], [-0.5039062496396162], [11.512370190789241], [-0.5134778642140906], [12.159999991754557], [-0.5226666662887808], [12.818880606511271], [-0.5314804683636657], [13.488548167872139], [-0.5399270829387594], [14.168548574274926], [-0.5480143225140672], [14.858437489782409], [-0.5557499995896096], [15.5577803440824], [-0.5631419266654147], [16.266152332487724], [-0.5701979162414776], [16.983138415936192], [-0.5769257808177801], [17.708333320990615], [-0.5833333328943313], [18.44134153983878], [-0.589428384971108], [19.181777330293468], [-0.5952187495480915], [19.92926471579243], [-0.6007122391252758], [20.68343748539842], [-0.6059166662026726], [21.443939193799217], [-0.6108398432803046], [22.21042316130762], [-0.6154895828581779], [22.982552473861443], [-0.6198736974363116], [23.75999998302349], [-0.6239999995146686], [24.542448305981566], [-0.6278763015932914], [25.3295898255485], [-0.6315104161721701], [26.121126690162082], [-0.6349101557512712], [26.916770813885098], [-0.6380833328305955], [27.716243876405308], [-0.6410377599101152], [28.519277323035485], [-0.6437812494898714], [29.325612364713415], [-0.6463216140698524], [30.134999978001883], [-0.6486666661500639], [30.947200905088675], [-0.6508242182305101], [31.761985653786592], [-0.6528020828111953], [32.579134497533424], [-0.6546080723921153], [33.39843747539199], [-0.6562499994732848], [34.219694392050066], [-0.6577356765546861], [35.04271481782044], [-0.6590729161362789], [35.86731808864084], [-0.6602695307180578], [36.693333306073974], [-0.661333332799989], [37.52059933730753], [-0.6622721348820503], [38.34896481515417], [-0.6630937494642526], [39.17828813805157], [-0.6638059890466127], [40.00843747006243], [-0.6644166661291193], [40.839290740874425], [-0.6649335932117623], [41.670735645800235], [-0.6653645827945387], [42.50266964577749], [-0.6657174473774172], [43.33499996736881], [-0.6659999994603958], [44.16764360276183], [-0.6662200515434419], [45.00052730976911], [-0.6663854161265503], [45.83358761182825], [-0.6665039057097474], [46.66677079800181], [-0.6665833327929489], [47.50003292297729], [-0.6666315098761525], [48.33333980706718], [-0.66665624945935], [49.166667036209034], [-0.666665364042625], [49.99999996196543], [-0.6666666661259407]]}], "properties": {"verbose": false, "name": "", "problem": "EulerBernoulliBeam", "EI": 2500000.0, "f": 10.0, "cf": 0.0, "duration": 0.284115, "description": "FEM problem using the Euler Bernoulli formulation.,DOF: 162,Elements: 80,Solver: lineal,EBC: 2,NBC: 0"}}